{
  "action_contract": {
    "action_scale": [
      0.5475464463233948,
      0.3506614565849304,
      0.5475464463233948,
      0.3506614565849304,
      0.4385773241519928,
      0.4385773241519928,
      0.5475464463233948,
      0.3506614565849304,
      0.5475464463233948,
      0.3506614565849304,
      0.4385773241519928,
      0.4385773241519928,
      0.5475464463233948,
      0.4385773241519928,
      0.4385773241519928,
      0.4385773241519928,
      0.4385773241519928,
      0.4385773241519928,
      0.4385773241519928,
      0.4385773241519928,
      0.07450087368488312,
      0.07450087368488312,
      0.4385773241519928,
      0.4385773241519928,
      0.4385773241519928,
      0.4385773241519928,
      0.4385773241519928,
      0.07450087368488312,
      0.07450087368488312
    ],
    "armature": [
      0.010177520103752613,
      0.025101924315094948,
      0.010177520103752613,
      0.025101924315094948,
      0.007219450082629919,
      0.007219450082629919,
      0.010177520103752613,
      0.025101924315094948,
      0.010177520103752613,
      0.025101924315094948,
      0.007219450082629919,
      0.007219450082629919,
      0.010177520103752613,
      0.007219450082629919,
      0.007219450082629919,
      0.0036097250413149595,
      0.0036097250413149595,
      0.0036097250413149595,
      0.0036097250413149595,
      0.0036097250413149595,
      0.0042500002309679985,
      0.0042500002309679985,
      0.0036097250413149595,
      0.0036097250413149595,
      0.0036097250413149595,
      0.0036097250413149595,
      0.0036097250413149595,
      0.0042500002309679985,
      0.0042500002309679985
    ],
    "default_joint_pos": [
      -0.31200000643730164,
      0.0,
      0.0,
      0.6690000295639038,
      -0.3630000054836273,
      0.0,
      -0.31200000643730164,
      0.0,
      0.0,
      0.6690000295639038,
      -0.3630000054836273,
      0.0,
      0.0,
      0.0,
      0.0,
      0.20000000298023224,
      0.20000000298023224,
      0.0,
      0.6000000238418579,
      0.0,
      0.0,
      0.0,
      0.20000000298023224,
      -0.20000000298023224,
      0.0,
      0.6000000238418579,
      0.0,
      0.0,
      0.0
    ],
    "dtype": "float32",
    "effort": [
      88.0,
      139.0,
      88.0,
      139.0,
      50.0,
      50.0,
      88.0,
      139.0,
      88.0,
      139.0,
      50.0,
      50.0,
      88.0,
      50.0,
      50.0,
      25.0,
      25.0,
      25.0,
      25.0,
      25.0,
      5.0,
      5.0,
      25.0,
      25.0,
      25.0,
      25.0,
      25.0,
      5.0,
      5.0
    ],
    "joint_order": [
      "left_hip_pitch_joint",
      "left_hip_roll_joint",
      "left_hip_yaw_joint",
      "left_knee_joint",
      "left_ankle_pitch_joint",
      "left_ankle_roll_joint",
      "right_hip_pitch_joint",
      "right_hip_roll_joint",
      "right_hip_yaw_joint",
      "right_knee_joint",
      "right_ankle_pitch_joint",
      "right_ankle_roll_joint",
      "waist_yaw_joint",
      "waist_roll_joint",
      "waist_pitch_joint",
      "left_shoulder_pitch_joint",
      "left_shoulder_roll_joint",
      "left_shoulder_yaw_joint",
      "left_elbow_joint",
      "left_wrist_roll_joint",
      "left_wrist_pitch_joint",
      "left_wrist_yaw_joint",
      "right_shoulder_pitch_joint",
      "right_shoulder_roll_joint",
      "right_shoulder_yaw_joint",
      "right_elbow_joint",
      "right_wrist_roll_joint",
      "right_wrist_pitch_joint",
      "right_wrist_yaw_joint"
    ],
    "kd": [
      2.557889699935913,
      6.308801651000977,
      2.557889699935913,
      6.308801651000977,
      1.8144457340240479,
      1.8144457340240479,
      2.557889699935913,
      6.308801651000977,
      2.557889699935913,
      6.308801651000977,
      1.8144457340240479,
      1.8144457340240479,
      2.557889699935913,
      1.8144457340240479,
      1.8144457340240479,
      0.9072228670120239,
      0.9072228670120239,
      0.9072228670120239,
      0.9072228670120239,
      0.9072228670120239,
      1.0681414604187012,
      1.0681414604187012,
      0.9072228670120239,
      0.9072228670120239,
      0.9072228670120239,
      0.9072228670120239,
      0.9072228670120239,
      1.0681414604187012,
      1.0681414604187012
    ],
    "kp": [
      40.179237365722656,
      99.09842681884766,
      40.179237365722656,
      99.09842681884766,
      28.501245498657227,
      28.501245498657227,
      40.179237365722656,
      99.09842681884766,
      40.179237365722656,
      99.09842681884766,
      28.501245498657227,
      28.501245498657227,
      40.179237365722656,
      28.501245498657227,
      28.501245498657227,
      14.250622749328613,
      14.250622749328613,
      14.250622749328613,
      14.250622749328613,
      14.250622749328613,
      16.77832794189453,
      16.77832794189453,
      14.250622749328613,
      14.250622749328613,
      14.250622749328613,
      14.250622749328613,
      14.250622749328613,
      16.77832794189453,
      16.77832794189453
    ],
    "output_name": "actions",
    "postprocess_formula": "joint_position_target = default_joint_pos + actions * action_scale",
    "shape": [
      1,
      29
    ]
  },
  "artifact_type": "tracking_bfm_wbc_actor_onnx",
  "exported_at_utc": "2026-06-26T09:23:41.627181+00:00",
  "normalizer": {
    "embedded_in_onnx": true,
    "obs_mean_sha256": "1c4c859da41682b9a9359366572b0acd465e208cfc1296a6452b959544a6ad03",
    "obs_mean_shape": [
      1,
      886
    ],
    "obs_std_sha256": "3e39f77348cd58ba2a56cf3d94769388a330a39611dcd82e0d2eb041fcdc16ba",
    "obs_std_shape": [
      1,
      886
    ]
  },
  "observation_contract": {
    "anchor_body_name": "pelvis",
    "command_body_names": [
      "pelvis",
      "left_hip_roll_link",
      "left_knee_link",
      "left_ankle_roll_link",
      "right_hip_roll_link",
      "right_knee_link",
      "right_ankle_roll_link",
      "torso_link",
      "left_shoulder_roll_link",
      "left_elbow_link",
      "left_wrist_yaw_link",
      "right_shoulder_roll_link",
      "right_elbow_link",
      "right_wrist_yaw_link"
    ],
    "dtype": "float32",
    "hand_ee_body_names": [
      "left_wrist_yaw_link",
      "right_wrist_yaw_link"
    ],
    "history_length": 5,
    "history_terms": [
      "ref_limb_ee_pose_b",
      "robot_limb_ee_pose_b",
      "projected_gravity",
      "base_ang_vel",
      "joint_pos",
      "joint_vel",
      "actions"
    ],
    "input_name": "obs",
    "limb_ee_body_names": [
      "left_wrist_yaw_link",
      "right_wrist_yaw_link",
      "left_ankle_roll_link",
      "right_ankle_roll_link"
    ],
    "reference_motion_future_steps": 1,
    "reference_motion_history_steps": 0,
    "shape": [
      1,
      886
    ],
    "slice_order": [
      "command",
      "ref_limb_ee_pose_b_history",
      "motion_ref_ang_vel",
      "robot_limb_ee_pose_b_history",
      "projected_gravity_history",
      "base_ang_vel_history",
      "joint_pos_history",
      "joint_vel_history",
      "actions_history"
    ],
    "slices": {
      "actions_history": [
        741,
        886
      ],
      "base_ang_vel_history": [
        436,
        451
      ],
      "command": [
        0,
        58
      ],
      "joint_pos_history": [
        451,
        596
      ],
      "joint_vel_history": [
        596,
        741
      ],
      "motion_ref_ang_vel": [
        238,
        241
      ],
      "projected_gravity_history": [
        421,
        436
      ],
      "ref_limb_ee_pose_b_history": [
        58,
        238
      ],
      "robot_limb_ee_pose_b_history": [
        241,
        421
      ]
    },
    "task_ee_body_names": [
      "left_wrist_yaw_link",
      "right_wrist_yaw_link",
      "left_ankle_roll_link",
      "right_ankle_roll_link",
      "torso_link"
    ],
    "tracking_anchor_body_name": "torso_link"
  },
  "onnx": {
    "bytes": 39423840,
    "input_names": [
      "obs"
    ],
    "normalization_embedded": true,